-- phpMyAdmin SQL Dump
-- version 4.5.1
-- http://www.phpmyadmin.net
--
-- Host: localhost:8080
-- Generation Time: Oct 04, 2016 at 10:18 AM
-- Server version: 5.7.10
-- PHP Version: 5.6.16

SET SQL_MODE = "NO_AUTO_VALUE_ON_ZERO";
SET time_zone = "+00:00";


/*!40101 SET @OLD_CHARACTER_SET_CLIENT=@@CHARACTER_SET_CLIENT */;
/*!40101 SET @OLD_CHARACTER_SET_RESULTS=@@CHARACTER_SET_RESULTS */;
/*!40101 SET @OLD_COLLATION_CONNECTION=@@COLLATION_CONNECTION */;
/*!40101 SET NAMES utf8mb4 */;

--
-- Database: `space_truckin`
--
CREATE DATABASE IF NOT EXISTS `space_truckin` DEFAULT CHARACTER SET utf8 COLLATE utf8_general_ci;
USE `space_truckin`;

-- --------------------------------------------------------

--
-- Table structure for table `cargo`
--

CREATE TABLE `cargo` (
  `id` bigint(20) UNSIGNED NOT NULL,
  `id_tradegoods` int(11) DEFAULT NULL,
  `id_ship` int(11) DEFAULT NULL,
  `quantity` int(11) DEFAULT NULL
) ENGINE=InnoDB DEFAULT CHARSET=utf8;

-- --------------------------------------------------------

--
-- Table structure for table `inventory`
--

CREATE TABLE `inventory` (
  `id` bigint(20) UNSIGNED NOT NULL,
  `id_planets` int(11) DEFAULT NULL,
  `id_tradegoods` int(11) DEFAULT NULL,
  `quantity` int(11) DEFAULT NULL,
  `price` int(11) DEFAULT NULL
) ENGINE=InnoDB DEFAULT CHARSET=utf8;

--
-- Dumping data for table `inventory`
--

INSERT INTO `inventory` (`id`, `id_planets`, `id_tradegoods`, `quantity`, `price`) VALUES
(313, 130, 1, 0, 0),
(314, 130, 2, 0, 0),
(315, 130, 3, 0, 0),
(316, 130, 4, 0, 0),
(317, 130, 5, 0, 0),
(318, 130, 6, 0, 0),
(319, 130, 7, 0, 0),
(320, 130, 8, 0, 0),
(321, 131, 1, 0, 9),
(322, 131, 2, 0, 10),
(323, 131, 3, 0, 4),
(324, 131, 4, 0, 13),
(325, 131, 5, 0, 16),
(326, 131, 6, 0, 11),
(327, 131, 7, 0, 11),
(328, 131, 8, 0, 10),
(329, 135, 1, 0, 0),
(330, 135, 2, 0, 0),
(331, 135, 3, 0, 0),
(332, 135, 4, 0, 0),
(333, 135, 5, 0, 0),
(334, 135, 6, 0, 0),
(335, 135, 7, 0, 0),
(336, 135, 8, 0, 0),
(337, 136, 1, 0, 9),
(338, 136, 2, 0, 11),
(339, 136, 3, 0, 5),
(340, 136, 4, 0, 9),
(341, 136, 5, 0, 23),
(342, 136, 6, 0, 10),
(343, 136, 7, 0, 12),
(344, 136, 8, 0, 10),
(345, 140, 1, 0, 0),
(346, 140, 2, 0, 0),
(347, 140, 3, 0, 0),
(348, 140, 4, 0, 0),
(349, 140, 5, 0, 0),
(350, 140, 6, 0, 0),
(351, 140, 7, 0, 0),
(352, 140, 8, 0, 0),
(353, 141, 1, 0, 10),
(354, 141, 2, 0, 13),
(355, 141, 3, 0, 5),
(356, 141, 4, 0, 12),
(357, 141, 5, 0, 18),
(358, 141, 6, 0, 11),
(359, 141, 7, 0, 10),
(360, 141, 8, 0, 8),
(361, 145, 1, 0, 0),
(362, 145, 2, 0, 0),
(363, 145, 3, 0, 0),
(364, 145, 4, 0, 0),
(365, 145, 5, 0, 0),
(366, 145, 6, 0, 0),
(367, 145, 7, 0, 0),
(368, 145, 8, 0, 0),
(369, 146, 1, 0, 9),
(370, 146, 2, 0, 11),
(371, 146, 3, 0, 3),
(372, 146, 4, 0, 13),
(373, 146, 5, 0, 19),
(374, 146, 6, 0, 8),
(375, 146, 7, 0, 12),
(376, 146, 8, 0, 13),
(377, 150, 1, 0, 0),
(378, 150, 2, 0, 0),
(379, 150, 3, 0, 0),
(380, 150, 4, 0, 0),
(381, 150, 5, 0, 0),
(382, 150, 6, 0, 0),
(383, 150, 7, 0, 0),
(384, 150, 8, 0, 0),
(385, 151, 1, 0, 13),
(386, 151, 2, 0, 9),
(387, 151, 3, 0, 4),
(388, 151, 4, 0, 10),
(389, 151, 5, 0, 26),
(390, 151, 6, 0, 14),
(391, 151, 7, 0, 8),
(392, 151, 8, 0, 9),
(393, 155, 1, 0, 0),
(394, 155, 2, 0, 0),
(395, 155, 3, 0, 0),
(396, 155, 4, 0, 0),
(397, 155, 5, 0, 0),
(398, 155, 6, 0, 0),
(399, 155, 7, 0, 0),
(400, 155, 8, 0, 0),
(401, 156, 1, 0, 11),
(402, 156, 2, 0, 13),
(403, 156, 3, 0, 3),
(404, 156, 4, 0, 9),
(405, 156, 5, 0, 15),
(406, 156, 6, 0, 12),
(407, 156, 7, 0, 10),
(408, 156, 8, 0, 10),
(409, 160, 1, 0, 0),
(410, 160, 2, 0, 0),
(411, 160, 3, 0, 0),
(412, 160, 4, 0, 0),
(413, 160, 5, 0, 0),
(414, 160, 6, 0, 0),
(415, 160, 7, 0, 0),
(416, 160, 8, 0, 0),
(417, 161, 1, 0, 12),
(418, 161, 2, 0, 11),
(419, 161, 3, 0, 3),
(420, 161, 4, 0, 12),
(421, 161, 5, 0, 26),
(422, 161, 6, 0, 13),
(423, 161, 7, 0, 10),
(424, 161, 8, 0, 10),
(425, 165, 1, 0, 0),
(426, 165, 2, 0, 0),
(427, 165, 3, 0, 0),
(428, 165, 4, 0, 0),
(429, 165, 5, 0, 0),
(430, 165, 6, 0, 0),
(431, 165, 7, 0, 0),
(432, 165, 8, 0, 0),
(433, 166, 1, 0, 12),
(434, 166, 2, 0, 9),
(435, 166, 3, 0, 5),
(436, 166, 4, 0, 10),
(437, 166, 5, 0, 17),
(438, 166, 6, 0, 10),
(439, 166, 7, 0, 9),
(440, 166, 8, 0, 8),
(441, 170, 1, 0, 0),
(442, 170, 2, 0, 0),
(443, 170, 3, 0, 0),
(444, 170, 4, 0, 0),
(445, 170, 5, 0, 0),
(446, 170, 6, 0, 0),
(447, 170, 7, 0, 0),
(448, 170, 8, 0, 0),
(449, 171, 1, 0, 10),
(450, 171, 2, 0, 12),
(451, 171, 3, 0, 3),
(452, 171, 4, 0, 8),
(453, 171, 5, 0, 24),
(454, 171, 6, 0, 8),
(455, 171, 7, 0, 10),
(456, 171, 8, 0, 12),
(457, 175, 1, 0, 0),
(458, 175, 2, 0, 0),
(459, 175, 3, 0, 0),
(460, 175, 4, 0, 0),
(461, 175, 5, 0, 0),
(462, 175, 6, 0, 0),
(463, 175, 7, 0, 0),
(464, 175, 8, 0, 0),
(465, 176, 1, 0, 13),
(466, 176, 2, 0, 10),
(467, 176, 3, 0, 3),
(468, 176, 4, 0, 11),
(469, 176, 5, 0, 16),
(470, 176, 6, 0, 12),
(471, 176, 7, 0, 10),
(472, 176, 8, 0, 14),
(473, 180, 1, 0, 0),
(474, 180, 2, 0, 0),
(475, 180, 3, 0, 0),
(476, 180, 4, 0, 0),
(477, 180, 5, 0, 0),
(478, 180, 6, 0, 0),
(479, 180, 7, 0, 0),
(480, 180, 8, 0, 0),
(481, 181, 1, 0, 9),
(482, 181, 2, 0, 11),
(483, 181, 3, 0, 4),
(484, 181, 4, 0, 11),
(485, 181, 5, 0, 20),
(486, 181, 6, 0, 15),
(487, 181, 7, 0, 10),
(488, 181, 8, 0, 11),
(489, 185, 1, 0, 0),
(490, 185, 2, 0, 0),
(491, 185, 3, 0, 0),
(492, 185, 4, 0, 0),
(493, 185, 5, 0, 0),
(494, 185, 6, 0, 0),
(495, 185, 7, 0, 0),
(496, 185, 8, 0, 0),
(497, 186, 1, 0, 8),
(498, 186, 2, 0, 12),
(499, 186, 3, 0, 3),
(500, 186, 4, 0, 12),
(501, 186, 5, 0, 18),
(502, 186, 6, 0, 13),
(503, 186, 7, 0, 12),
(504, 186, 8, 0, 10),
(505, 190, 1, 0, 0),
(506, 190, 2, 0, 0),
(507, 190, 3, 0, 0),
(508, 190, 4, 0, 0),
(509, 190, 5, 0, 0),
(510, 190, 6, 0, 0),
(511, 190, 7, 0, 0),
(512, 190, 8, 0, 0),
(513, 191, 1, 0, 11),
(514, 191, 2, 0, 10),
(515, 191, 3, 0, 3),
(516, 191, 4, 0, 9),
(517, 191, 5, 0, 21),
(518, 191, 6, 0, 9),
(519, 191, 7, 0, 9),
(520, 191, 8, 0, 10),
(521, 195, 1, 0, 0),
(522, 195, 2, 0, 0),
(523, 195, 3, 0, 0),
(524, 195, 4, 0, 0),
(525, 195, 5, 0, 0),
(526, 195, 6, 0, 0),
(527, 195, 7, 0, 0),
(528, 195, 8, 0, 0),
(529, 196, 1, 0, 11),
(530, 196, 2, 0, 11),
(531, 196, 3, 0, 4),
(532, 196, 4, 0, 9),
(533, 196, 5, 0, 26),
(534, 196, 6, 0, 9),
(535, 196, 7, 0, 11),
(536, 196, 8, 0, 13),
(537, 200, 1, 0, 0),
(538, 200, 2, 0, 0),
(539, 200, 3, 0, 0),
(540, 200, 4, 0, 0),
(541, 200, 5, 0, 0),
(542, 200, 6, 0, 0),
(543, 200, 7, 0, 0),
(544, 200, 8, 0, 0),
(545, 201, 1, 0, 12),
(546, 201, 2, 0, 12),
(547, 201, 3, 0, 3),
(548, 201, 4, 0, 12),
(549, 201, 5, 0, 16),
(550, 201, 6, 0, 15),
(551, 201, 7, 0, 13),
(552, 201, 8, 0, 12),
(553, 205, 1, 0, 0),
(554, 205, 2, 0, 0),
(555, 205, 3, 0, 0),
(556, 205, 4, 0, 0),
(557, 205, 5, 0, 0),
(558, 205, 6, 0, 0),
(559, 205, 7, 0, 0),
(560, 205, 8, 0, 0),
(561, 206, 1, 0, 11),
(562, 206, 2, 0, 12),
(563, 206, 3, 0, 4),
(564, 206, 4, 0, 9),
(565, 206, 5, 0, 17),
(566, 206, 6, 0, 12),
(567, 206, 7, 0, 12),
(568, 206, 8, 0, 13),
(569, 210, 1, 0, 0),
(570, 210, 2, 0, 0),
(571, 210, 3, 0, 0),
(572, 210, 4, 0, 0),
(573, 210, 5, 0, 0),
(574, 210, 6, 0, 0),
(575, 210, 7, 0, 0),
(576, 210, 8, 0, 0),
(577, 211, 1, 0, 9),
(578, 211, 2, 0, 10),
(579, 211, 3, 0, 3),
(580, 211, 4, 0, 10),
(581, 211, 5, 0, 13),
(582, 211, 6, 0, 14),
(583, 211, 7, 0, 12),
(584, 211, 8, 0, 8),
(585, 215, 1, 0, 0),
(586, 215, 2, 0, 0),
(587, 215, 3, 0, 0),
(588, 215, 4, 0, 0),
(589, 215, 5, 0, 0),
(590, 215, 6, 0, 0),
(591, 215, 7, 0, 0),
(592, 215, 8, 0, 0),
(593, 216, 1, 0, 10),
(594, 216, 2, 0, 9),
(595, 216, 3, 0, 3),
(596, 216, 4, 0, 8),
(597, 216, 5, 0, 14),
(598, 216, 6, 0, 10),
(599, 216, 7, 0, 8),
(600, 216, 8, 0, 11),
(601, 220, 1, 0, 0),
(602, 220, 2, 0, 0),
(603, 220, 3, 0, 0),
(604, 220, 4, 0, 0),
(605, 220, 5, 0, 0),
(606, 220, 6, 0, 0),
(607, 220, 7, 0, 0),
(608, 220, 8, 0, 0),
(609, 221, 1, 0, 9),
(610, 221, 2, 0, 11),
(611, 221, 3, 0, 5),
(612, 221, 4, 0, 10),
(613, 221, 5, 0, 22),
(614, 221, 6, 0, 10),
(615, 221, 7, 0, 12),
(616, 221, 8, 0, 9),
(617, 225, 1, 0, 0),
(618, 225, 2, 0, 0),
(619, 225, 3, 0, 0),
(620, 225, 4, 0, 0),
(621, 225, 5, 0, 0),
(622, 225, 6, 0, 0),
(623, 225, 7, 0, 0),
(624, 225, 8, 0, 0),
(625, 226, 1, 0, 9),
(626, 226, 2, 0, 10),
(627, 226, 3, 0, 4),
(628, 226, 4, 0, 9),
(629, 226, 5, 0, 18),
(630, 226, 6, 0, 9),
(631, 226, 7, 0, 11),
(632, 226, 8, 0, 10),
(633, 230, 1, 0, 0),
(634, 230, 2, 0, 0),
(635, 230, 3, 0, 0),
(636, 230, 4, 0, 0),
(637, 230, 5, 0, 0),
(638, 230, 6, 0, 0),
(639, 230, 7, 0, 0),
(640, 230, 8, 0, 0),
(641, 231, 1, 0, 14),
(642, 231, 2, 0, 14),
(643, 231, 3, 0, 3),
(644, 231, 4, 0, 11),
(645, 231, 5, 0, 19),
(646, 231, 6, 0, 13),
(647, 231, 7, 0, 12),
(648, 231, 8, 0, 11),
(649, 235, 1, 0, 0),
(650, 235, 2, 0, 0),
(651, 235, 3, 0, 0),
(652, 235, 4, 0, 0),
(653, 235, 5, 0, 0),
(654, 235, 6, 0, 0),
(655, 235, 7, 0, 0),
(656, 235, 8, 0, 0),
(657, 236, 1, 0, 13),
(658, 236, 2, 0, 8),
(659, 236, 3, 0, 4),
(660, 236, 4, 0, 8),
(661, 236, 5, 0, 20),
(662, 236, 6, 0, 12),
(663, 236, 7, 0, 12),
(664, 236, 8, 0, 10),
(665, 240, 1, 0, 0),
(666, 240, 2, 0, 0),
(667, 240, 3, 0, 0),
(668, 240, 4, 0, 0),
(669, 240, 5, 0, 0),
(670, 240, 6, 0, 0),
(671, 240, 7, 0, 0),
(672, 240, 8, 0, 0),
(673, 241, 1, 0, 11),
(674, 241, 2, 0, 11),
(675, 241, 3, 0, 3),
(676, 241, 4, 0, 13),
(677, 241, 5, 0, 17),
(678, 241, 6, 0, 10),
(679, 241, 7, 0, 11),
(680, 241, 8, 0, 10),
(681, 245, 1, 0, 0),
(682, 245, 2, 0, 0),
(683, 245, 3, 0, 0),
(684, 245, 4, 0, 0),
(685, 245, 5, 0, 0),
(686, 245, 6, 0, 0),
(687, 245, 7, 0, 0),
(688, 245, 8, 0, 0),
(689, 246, 1, 0, 12),
(690, 246, 2, 0, 10),
(691, 246, 3, 0, 2),
(692, 246, 4, 0, 13),
(693, 246, 5, 0, 19),
(694, 246, 6, 0, 12),
(695, 246, 7, 0, 11),
(696, 246, 8, 0, 14),
(697, 250, 1, 0, 0),
(698, 250, 2, 0, 0),
(699, 250, 3, 0, 0),
(700, 250, 4, 0, 0),
(701, 250, 5, 0, 0),
(702, 250, 6, 0, 0),
(703, 250, 7, 0, 0),
(704, 250, 8, 0, 0),
(705, 251, 1, 0, 12),
(706, 251, 2, 0, 10),
(707, 251, 3, 0, 4),
(708, 251, 4, 0, 10),
(709, 251, 5, 0, 21),
(710, 251, 6, 0, 12),
(711, 251, 7, 0, 11),
(712, 251, 8, 0, 9),
(713, 255, 1, 0, 0),
(714, 255, 2, 0, 0),
(715, 255, 3, 0, 0),
(716, 255, 4, 0, 0),
(717, 255, 5, 0, 0),
(718, 255, 6, 0, 0),
(719, 255, 7, 0, 0),
(720, 255, 8, 0, 0),
(721, 256, 1, 0, 12),
(722, 256, 2, 0, 14),
(723, 256, 3, 0, 5),
(724, 256, 4, 0, 11),
(725, 256, 5, 0, 17),
(726, 256, 6, 0, 10),
(727, 256, 7, 0, 9),
(728, 256, 8, 0, 9),
(729, 260, 1, 0, 0),
(730, 260, 2, 0, 0),
(731, 260, 3, 0, 0),
(732, 260, 4, 0, 0),
(733, 260, 5, 0, 0),
(734, 260, 6, 0, 0),
(735, 260, 7, 0, 0),
(736, 260, 8, 0, 0),
(737, 261, 1, 0, 13),
(738, 261, 2, 0, 13),
(739, 261, 3, 0, 7),
(740, 261, 4, 0, 13),
(741, 261, 5, 0, 15),
(742, 261, 6, 0, 13),
(743, 261, 7, 0, 13),
(744, 261, 8, 0, 10),
(745, 265, 1, 0, 0),
(746, 265, 2, 0, 0),
(747, 265, 3, 0, 0),
(748, 265, 4, 0, 0),
(749, 265, 5, 0, 0),
(750, 265, 6, 0, 0),
(751, 265, 7, 0, 0),
(752, 265, 8, 0, 0),
(753, 266, 1, 0, 12),
(754, 266, 2, 0, 12),
(755, 266, 3, 0, 5),
(756, 266, 4, 0, 12),
(757, 266, 5, 0, 26),
(758, 266, 6, 0, 9),
(759, 266, 7, 0, 13),
(760, 266, 8, 0, 10),
(761, 270, 1, 0, 0),
(762, 270, 2, 0, 0),
(763, 270, 3, 0, 0),
(764, 270, 4, 0, 0),
(765, 270, 5, 0, 0),
(766, 270, 6, 0, 0),
(767, 270, 7, 0, 0),
(768, 270, 8, 0, 0),
(769, 271, 1, 0, 9),
(770, 271, 2, 0, 9),
(771, 271, 3, 0, 7),
(772, 271, 4, 0, 14),
(773, 271, 5, 0, 15),
(774, 271, 6, 0, 10),
(775, 271, 7, 0, 11),
(776, 271, 8, 0, 12),
(777, 275, 1, 0, 0),
(778, 275, 2, 0, 0),
(779, 275, 3, 0, 0),
(780, 275, 4, 0, 0),
(781, 275, 5, 0, 0),
(782, 275, 6, 0, 0),
(783, 275, 7, 0, 0),
(784, 275, 8, 0, 0),
(785, 276, 1, 0, 11),
(786, 276, 2, 0, 11),
(787, 276, 3, 0, 4),
(788, 276, 4, 0, 9),
(789, 276, 5, 0, 26),
(790, 276, 6, 0, 11),
(791, 276, 7, 0, 9),
(792, 276, 8, 0, 11),
(793, 280, 1, 0, 0),
(794, 280, 2, 0, 0),
(795, 280, 3, 0, 0),
(796, 280, 4, 0, 0),
(797, 280, 5, 0, 0),
(798, 280, 6, 0, 0),
(799, 280, 7, 0, 0),
(800, 280, 8, 0, 0),
(801, 281, 1, 0, 13),
(802, 281, 2, 0, 11),
(803, 281, 3, 0, 5),
(804, 281, 4, 0, 9),
(805, 281, 5, 0, 14),
(806, 281, 6, 0, 11),
(807, 281, 7, 0, 8),
(808, 281, 8, 0, 10),
(809, 285, 1, 0, 0),
(810, 285, 2, 0, 0),
(811, 285, 3, 0, 0),
(812, 285, 4, 0, 0),
(813, 285, 5, 0, 0),
(814, 285, 6, 0, 0),
(815, 285, 7, 0, 0),
(816, 285, 8, 0, 0),
(817, 286, 1, 0, 8),
(818, 286, 2, 0, 13),
(819, 286, 3, 0, 4),
(820, 286, 4, 0, 10),
(821, 286, 5, 0, 18),
(822, 286, 6, 0, 10),
(823, 286, 7, 0, 13),
(824, 286, 8, 0, 13),
(825, 290, 1, 0, 0),
(826, 290, 2, 0, 0),
(827, 290, 3, 0, 0),
(828, 290, 4, 0, 0),
(829, 290, 5, 0, 0),
(830, 290, 6, 0, 0),
(831, 290, 7, 0, 0),
(832, 290, 8, 0, 0),
(833, 291, 1, 0, 10),
(834, 291, 2, 0, 12),
(835, 291, 3, 0, 6),
(836, 291, 4, 0, 11),
(837, 291, 5, 0, 19),
(838, 291, 6, 0, 13),
(839, 291, 7, 0, 9),
(840, 291, 8, 0, 11),
(841, 295, 1, 0, 0),
(842, 295, 2, 0, 0),
(843, 295, 3, 0, 0),
(844, 295, 4, 0, 0),
(845, 295, 5, 0, 0),
(846, 295, 6, 0, 0),
(847, 295, 7, 0, 0),
(848, 295, 8, 0, 0),
(849, 296, 1, 0, 10),
(850, 296, 2, 0, 12),
(851, 296, 3, 0, 4),
(852, 296, 4, 0, 13),
(853, 296, 5, 0, 18),
(854, 296, 6, 0, 13),
(855, 296, 7, 0, 13),
(856, 296, 8, 0, 12),
(857, 300, 1, 0, 0),
(858, 300, 2, 0, 0),
(859, 300, 3, 0, 0),
(860, 300, 4, 0, 0),
(861, 300, 5, 0, 0),
(862, 300, 6, 0, 0),
(863, 300, 7, 0, 0),
(864, 300, 8, 0, 0),
(865, 301, 1, 0, 8),
(866, 301, 2, 0, 10),
(867, 301, 3, 0, 3),
(868, 301, 4, 0, 12),
(869, 301, 5, 0, 23),
(870, 301, 6, 0, 8),
(871, 301, 7, 0, 12),
(872, 301, 8, 0, 12),
(873, 305, 1, 0, 0),
(874, 305, 2, 0, 0),
(875, 305, 3, 0, 0),
(876, 305, 4, 0, 0),
(877, 305, 5, 0, 0),
(878, 305, 6, 0, 0),
(879, 305, 7, 0, 0),
(880, 305, 8, 0, 0),
(881, 306, 1, 0, 10),
(882, 306, 2, 0, 9),
(883, 306, 3, 0, 3),
(884, 306, 4, 0, 12),
(885, 306, 5, 0, 24),
(886, 306, 6, 0, 11),
(887, 306, 7, 0, 9),
(888, 306, 8, 0, 12),
(889, 310, 1, 0, 0),
(890, 310, 2, 0, 0),
(891, 310, 3, 0, 0),
(892, 310, 4, 0, 0),
(893, 310, 5, 0, 0),
(894, 310, 6, 0, 0),
(895, 310, 7, 0, 0),
(896, 310, 8, 0, 0),
(897, 311, 1, 0, 14),
(898, 311, 2, 0, 11),
(899, 311, 3, 0, 3),
(900, 311, 4, 0, 14),
(901, 311, 5, 0, 20),
(902, 311, 6, 0, 10),
(903, 311, 7, 0, 10),
(904, 311, 8, 0, 8),
(905, 315, 1, 0, 0),
(906, 315, 2, 0, 0),
(907, 315, 3, 0, 0),
(908, 315, 4, 0, 0),
(909, 315, 5, 0, 0),
(910, 315, 6, 0, 0),
(911, 315, 7, 0, 0),
(912, 315, 8, 0, 0),
(913, 316, 1, 0, 10),
(914, 316, 2, 0, 10),
(915, 316, 3, 0, 2),
(916, 316, 4, 0, 10),
(917, 316, 5, 0, 15),
(918, 316, 6, 0, 12),
(919, 316, 7, 0, 8),
(920, 316, 8, 0, 10),
(921, 320, 1, 0, 0),
(922, 320, 2, 0, 0),
(923, 320, 3, 0, 0),
(924, 320, 4, 0, 0),
(925, 320, 5, 0, 0),
(926, 320, 6, 0, 0),
(927, 320, 7, 0, 0),
(928, 320, 8, 0, 0),
(929, 321, 1, 0, 11),
(930, 321, 2, 0, 10),
(931, 321, 3, 0, 4),
(932, 321, 4, 0, 8),
(933, 321, 5, 0, 22),
(934, 321, 6, 0, 11),
(935, 321, 7, 0, 14),
(936, 321, 8, 0, 10),
(937, 325, 1, 0, 0),
(938, 325, 2, 0, 0),
(939, 325, 3, 0, 0),
(940, 325, 4, 0, 0),
(941, 325, 5, 0, 0),
(942, 325, 6, 0, 0),
(943, 325, 7, 0, 0),
(944, 325, 8, 0, 0),
(945, 326, 1, 0, 10),
(946, 326, 2, 0, 11),
(947, 326, 3, 0, 4),
(948, 326, 4, 0, 12),
(949, 326, 5, 0, 20),
(950, 326, 6, 0, 9),
(951, 326, 7, 0, 10),
(952, 326, 8, 0, 10),
(953, 330, 1, 0, 0),
(954, 330, 2, 0, 0),
(955, 330, 3, 0, 0),
(956, 330, 4, 0, 0),
(957, 330, 5, 0, 0),
(958, 330, 6, 0, 0),
(959, 330, 7, 0, 0),
(960, 330, 8, 0, 0),
(961, 331, 1, 0, 10),
(962, 331, 2, 0, 12),
(963, 331, 3, 0, 4),
(964, 331, 4, 0, 11),
(965, 331, 5, 0, 20),
(966, 331, 6, 0, 11),
(967, 331, 7, 0, 11),
(968, 331, 8, 0, 14),
(969, 335, 1, 0, 0),
(970, 335, 2, 0, 0),
(971, 335, 3, 0, 0),
(972, 335, 4, 0, 0),
(973, 335, 5, 0, 0),
(974, 335, 6, 0, 0),
(975, 335, 7, 0, 0),
(976, 335, 8, 0, 0),
(977, 336, 1, 0, 8),
(978, 336, 2, 0, 9),
(979, 336, 3, 0, 6),
(980, 336, 4, 0, 9),
(981, 336, 5, 0, 17),
(982, 336, 6, 0, 11),
(983, 336, 7, 0, 9),
(984, 336, 8, 0, 10),
(985, 340, 1, 0, 0),
(986, 340, 2, 0, 0),
(987, 340, 3, 0, 0),
(988, 340, 4, 0, 0),
(989, 340, 5, 0, 0),
(990, 340, 6, 0, 0),
(991, 340, 7, 0, 0),
(992, 340, 8, 0, 0),
(993, 341, 1, 0, 11),
(994, 341, 2, 0, 14),
(995, 341, 3, 0, 5),
(996, 341, 4, 0, 13),
(997, 341, 5, 0, 22),
(998, 341, 6, 0, 11),
(999, 341, 7, 0, 9),
(1000, 341, 8, 0, 10),
(1001, 345, 1, 0, 0),
(1002, 345, 2, 0, 0),
(1003, 345, 3, 0, 0),
(1004, 345, 4, 0, 0),
(1005, 345, 5, 0, 0),
(1006, 345, 6, 0, 0),
(1007, 345, 7, 0, 0),
(1008, 345, 8, 0, 0),
(1009, 346, 1, 0, 9),
(1010, 346, 2, 0, 10),
(1011, 346, 3, 0, 4),
(1012, 346, 4, 0, 10),
(1013, 346, 5, 0, 23),
(1014, 346, 6, 0, 12),
(1015, 346, 7, 0, 10),
(1016, 346, 8, 0, 12),
(1017, 350, 1, 0, 0),
(1018, 350, 2, 0, 0),
(1019, 350, 3, 0, 0),
(1020, 350, 4, 0, 0),
(1021, 350, 5, 0, 0),
(1022, 350, 6, 0, 0),
(1023, 350, 7, 0, 0),
(1024, 350, 8, 0, 0),
(1025, 351, 1, 0, 12),
(1026, 351, 2, 0, 12),
(1027, 351, 3, 0, 3),
(1028, 351, 4, 0, 10),
(1029, 351, 5, 0, 22),
(1030, 351, 6, 0, 11),
(1031, 351, 7, 0, 10),
(1032, 351, 8, 0, 13),
(1033, 355, 1, 0, 0),
(1034, 355, 2, 0, 0),
(1035, 355, 3, 0, 0),
(1036, 355, 4, 0, 0),
(1037, 355, 5, 0, 0),
(1038, 355, 6, 0, 0),
(1039, 355, 7, 0, 0),
(1040, 355, 8, 0, 0),
(1041, 356, 1, 0, 10),
(1042, 356, 2, 0, 10),
(1043, 356, 3, 0, 5),
(1044, 356, 4, 0, 11),
(1045, 356, 5, 0, 16),
(1046, 356, 6, 0, 10),
(1047, 356, 7, 0, 11),
(1048, 356, 8, 0, 12),
(1049, 357, 1, 0, 11),
(1050, 357, 2, 0, 11),
(1051, 357, 3, 0, 6),
(1052, 357, 4, 0, 10),
(1053, 357, 5, 0, 14),
(1054, 357, 6, 0, 12),
(1055, 357, 7, 0, 10),
(1056, 357, 8, 0, 11),
(1057, 361, 1, 0, 0),
(1058, 361, 2, 0, 0),
(1059, 361, 3, 0, 0),
(1060, 361, 4, 0, 0),
(1061, 361, 5, 0, 0),
(1062, 361, 6, 0, 0),
(1063, 361, 7, 0, 0),
(1064, 361, 8, 0, 0),
(1065, 362, 1, 0, 10),
(1066, 362, 2, 0, 12),
(1067, 362, 3, 0, 3),
(1068, 362, 4, 0, 12),
(1069, 362, 5, 0, 20),
(1070, 362, 6, 0, 8),
(1071, 362, 7, 0, 11),
(1072, 362, 8, 0, 11),
(1073, 363, 1, 0, 9),
(1074, 363, 2, 0, 11),
(1075, 363, 3, 0, 4),
(1076, 363, 4, 0, 8),
(1077, 363, 5, 0, 19),
(1078, 363, 6, 0, 10),
(1079, 363, 7, 0, 13),
(1080, 363, 8, 0, 9),
(1081, 364, 1, 0, 12),
(1082, 364, 2, 0, 12),
(1083, 364, 3, 90, 4),
(1084, 364, 4, 10, 12),
(1085, 364, 5, 0, 20),
(1086, 364, 6, 0, 9),
(1087, 364, 7, 0, 10),
(1088, 364, 8, 0, 13),
(1089, 368, 1, 0, 0),
(1090, 368, 2, 0, 0),
(1091, 368, 3, 0, 0),
(1092, 368, 4, 0, 0),
(1093, 368, 5, 0, 0),
(1094, 368, 6, 0, 0),
(1095, 368, 7, 0, 0),
(1096, 368, 8, 0, 0),
(1097, 369, 1, 0, 12),
(1098, 369, 2, 0, 14),
(1099, 369, 3, 0, 4),
(1100, 369, 4, 0, 8),
(1101, 369, 5, 0, 20),
(1102, 369, 6, 0, 14),
(1103, 369, 7, 0, 12),
(1104, 369, 8, 0, 12),
(1105, 370, 1, 0, 11),
(1106, 370, 2, 0, 12),
(1107, 370, 3, 0, 7),
(1108, 370, 4, 0, 10),
(1109, 370, 5, 0, 24),
(1110, 370, 6, 0, 10),
(1111, 370, 7, 0, 10),
(1112, 370, 8, 0, 11),
(1113, 371, 1, 0, 12),
(1114, 371, 2, 0, 10),
(1115, 371, 3, 80, 4),
(1116, 371, 4, 20, 13),
(1117, 371, 5, 0, 22),
(1118, 371, 6, 0, 10),
(1119, 371, 7, 0, 11),
(1120, 371, 8, 0, 10),
(1121, 375, 1, 0, 0),
(1122, 375, 2, 0, 0),
(1123, 375, 3, 0, 0),
(1124, 375, 4, 0, 0),
(1125, 375, 5, 0, 0),
(1126, 375, 6, 0, 0),
(1127, 375, 7, 0, 0),
(1128, 375, 8, 0, 0),
(1129, 376, 1, 0, 10),
(1130, 376, 2, 0, 11),
(1131, 376, 3, 0, 3),
(1132, 376, 4, 0, 11),
(1133, 376, 5, 0, 14),
(1134, 376, 6, 0, 12),
(1135, 376, 7, 0, 8),
(1136, 376, 8, 0, 10),
(1137, 377, 1, 0, 12),
(1138, 377, 2, 0, 12),
(1139, 377, 3, 0, 4),
(1140, 377, 4, 0, 12),
(1141, 377, 5, 0, 15),
(1142, 377, 6, 0, 12),
(1143, 377, 7, 0, 13),
(1144, 377, 8, 0, 12),
(1145, 378, 1, 0, 11),
(1146, 378, 2, 0, 10),
(1147, 378, 3, 80, 5),
(1148, 378, 4, 20, 14),
(1149, 378, 5, 0, 22),
(1150, 378, 6, 0, 10),
(1151, 378, 7, 0, 10),
(1152, 378, 8, 0, 15),
(1153, 382, 1, 0, 0),
(1154, 382, 2, 0, 0),
(1155, 382, 3, 0, 0),
(1156, 382, 4, 0, 0),
(1157, 382, 5, 0, 0),
(1158, 382, 6, 0, 0),
(1159, 382, 7, 0, 0),
(1160, 382, 8, 0, 0),
(1161, 383, 1, 0, 12),
(1162, 383, 2, 0, 12),
(1163, 383, 3, 0, 5),
(1164, 383, 4, 0, 10),
(1165, 383, 5, 0, 21),
(1166, 383, 6, 0, 10),
(1167, 383, 7, 0, 11),
(1168, 383, 8, 0, 11),
(1169, 384, 1, 0, 11),
(1170, 384, 2, 0, 10),
(1171, 384, 3, 0, 3),
(1172, 384, 4, 0, 11),
(1173, 384, 5, 0, 22),
(1174, 384, 6, 0, 12),
(1175, 384, 7, 0, 11),
(1176, 384, 8, 0, 10),
(1177, 385, 1, 0, 14),
(1178, 385, 2, 0, 10),
(1179, 385, 3, 100, 4),
(1180, 385, 4, 0, 11),
(1181, 385, 5, 0, 23),
(1182, 385, 6, 0, 12),
(1183, 385, 7, 0, 11),
(1184, 385, 8, 0, 9),
(1185, 389, 1, 0, 0),
(1186, 389, 2, 0, 0),
(1187, 389, 3, 0, 0),
(1188, 389, 4, 0, 0),
(1189, 389, 5, 0, 0),
(1190, 389, 6, 0, 0),
(1191, 389, 7, 0, 0),
(1192, 389, 8, 0, 0),
(1193, 390, 1, 0, 8),
(1194, 390, 2, 0, 9),
(1195, 390, 3, 0, 5),
(1196, 390, 4, 0, 11),
(1197, 390, 5, 0, 19),
(1198, 390, 6, 0, 11),
(1199, 390, 7, 0, 12),
(1200, 390, 8, 0, 13),
(1201, 391, 1, 0, 11),
(1202, 391, 2, 0, 8),
(1203, 391, 3, 0, 2),
(1204, 391, 4, 0, 12),
(1205, 391, 5, 0, 19),
(1206, 391, 6, 0, 9),
(1207, 391, 7, 0, 8),
(1208, 391, 8, 0, 8),
(1209, 392, 1, 0, 8),
(1210, 392, 2, 0, 12),
(1211, 392, 3, 90, 3),
(1212, 392, 4, 10, 13),
(1213, 392, 5, 0, 21),
(1214, 392, 6, 0, 12),
(1215, 392, 7, 0, 12),
(1216, 392, 8, 0, 13),
(1217, 396, 1, 0, 0),
(1218, 396, 2, 0, 0),
(1219, 396, 3, 0, 0),
(1220, 396, 4, 0, 0),
(1221, 396, 5, 0, 0),
(1222, 396, 6, 0, 0),
(1223, 396, 7, 0, 0),
(1224, 396, 8, 0, 0),
(1225, 397, 1, 0, 9),
(1226, 397, 2, 0, 13),
(1227, 397, 3, 0, 4),
(1228, 397, 4, 0, 9),
(1229, 397, 5, 0, 17),
(1230, 397, 6, 0, 14),
(1231, 397, 7, 0, 9),
(1232, 397, 8, 0, 12),
(1233, 398, 1, 0, 14),
(1234, 398, 2, 0, 12),
(1235, 398, 3, 0, 3),
(1236, 398, 4, 0, 10),
(1237, 398, 5, 0, 19),
(1238, 398, 6, 0, 10),
(1239, 398, 7, 0, 10),
(1240, 398, 8, 0, 12),
(1241, 399, 1, 0, 10),
(1242, 399, 2, 0, 12),
(1243, 399, 3, 57, 3),
(1244, 399, 4, 43, 11),
(1245, 399, 5, 0, 19),
(1246, 399, 6, 0, 10),
(1247, 399, 7, 0, 12),
(1248, 399, 8, 0, 11),
(1249, 403, 1, 0, 0),
(1250, 403, 2, 0, 0),
(1251, 403, 3, 0, 0),
(1252, 403, 4, 0, 0),
(1253, 403, 5, 0, 0),
(1254, 403, 6, 0, 0),
(1255, 403, 7, 0, 0),
(1256, 403, 8, 0, 0),
(1257, 404, 1, 0, 11),
(1258, 404, 2, 0, 12),
(1259, 404, 3, 0, 4),
(1260, 404, 4, 0, 10),
(1261, 404, 5, 0, 18),
(1262, 404, 6, 0, 12),
(1263, 404, 7, 0, 12),
(1264, 404, 8, 0, 8),
(1265, 405, 1, 0, 10),
(1266, 405, 2, 0, 11),
(1267, 405, 3, 0, 4),
(1268, 405, 4, 0, 9),
(1269, 405, 5, 0, 21),
(1270, 405, 6, 0, 12),
(1271, 405, 7, 0, 14),
(1272, 405, 8, 0, 10),
(1273, 406, 1, 0, 15),
(1274, 406, 2, 0, 10),
(1275, 406, 3, 74, 3),
(1276, 406, 4, 26, 9),
(1277, 406, 5, 0, 15),
(1278, 406, 6, 0, 9),
(1279, 406, 7, 0, 10),
(1280, 406, 8, 0, 9),
(1281, 410, 1, 0, 0),
(1282, 410, 2, 0, 0),
(1283, 410, 3, 0, 0),
(1284, 410, 4, 0, 0),
(1285, 410, 5, 0, 0),
(1286, 410, 6, 0, 0),
(1287, 410, 7, 0, 0),
(1288, 410, 8, 0, 0),
(1289, 411, 1, 0, 13),
(1290, 411, 2, 0, 12),
(1291, 411, 3, 0, 6),
(1292, 411, 4, 0, 10),
(1293, 411, 5, 0, 17),
(1294, 411, 6, 0, 10),
(1295, 411, 7, 0, 12),
(1296, 411, 8, 0, 13),
(1297, 412, 1, 0, 12),
(1298, 412, 2, 0, 14),
(1299, 412, 3, 0, 4),
(1300, 412, 4, 0, 8),
(1301, 412, 5, 0, 25),
(1302, 412, 6, 0, 9),
(1303, 412, 7, 0, 13),
(1304, 412, 8, 0, 9),
(1305, 413, 1, 0, 13),
(1306, 413, 2, 0, 9),
(1307, 413, 3, 78, 5),
(1308, 413, 4, 22, 11),
(1309, 413, 5, 0, 20),
(1310, 413, 6, 0, 12),
(1311, 413, 7, 0, 9),
(1312, 413, 8, 0, 13),
(1313, 417, 1, 0, 0),
(1314, 417, 2, 0, 0),
(1315, 417, 3, 0, 0),
(1316, 417, 4, 0, 0),
(1317, 417, 5, 0, 0),
(1318, 417, 6, 0, 0),
(1319, 417, 7, 0, 0),
(1320, 417, 8, 0, 0),
(1321, 418, 1, 0, 11),
(1322, 418, 2, 0, 12),
(1323, 418, 3, 0, 5),
(1324, 418, 4, 0, 11),
(1325, 418, 5, 0, 21),
(1326, 418, 6, 0, 9),
(1327, 418, 7, 0, 8),
(1328, 418, 8, 0, 9),
(1329, 419, 1, 0, 12),
(1330, 419, 2, 0, 14),
(1331, 419, 3, 0, 3),
(1332, 419, 4, 0, 11),
(1333, 419, 5, 0, 22),
(1334, 419, 6, 0, 11),
(1335, 419, 7, 0, 14),
(1336, 419, 8, 0, 11),
(1337, 420, 1, 0, 12),
(1338, 420, 2, 0, 11),
(1339, 420, 3, 79, 4),
(1340, 420, 4, 21, 10),
(1341, 420, 5, 0, 20),
(1342, 420, 6, 0, 14),
(1343, 420, 7, 0, 12),
(1344, 420, 8, 0, 12),
(1345, 424, 1, 0, 0),
(1346, 424, 2, 0, 0),
(1347, 424, 3, 0, 0),
(1348, 424, 4, 0, 0),
(1349, 424, 5, 0, 0),
(1350, 424, 6, 0, 0),
(1351, 424, 7, 0, 0),
(1352, 424, 8, 0, 0),
(1353, 425, 1, 0, 13),
(1354, 425, 2, 0, 9),
(1355, 425, 3, 0, 5),
(1356, 425, 4, 0, 13),
(1357, 425, 5, 0, 16),
(1358, 425, 6, 0, 9),
(1359, 425, 7, 0, 13),
(1360, 425, 8, 0, 11),
(1361, 426, 1, 0, 10),
(1362, 426, 2, 0, 9),
(1363, 426, 3, 0, 3),
(1364, 426, 4, 0, 13),
(1365, 426, 5, 0, 17),
(1366, 426, 6, 0, 15),
(1367, 426, 7, 0, 13),
(1368, 426, 8, 0, 10),
(1369, 427, 1, 0, 13),
(1370, 427, 2, 0, 10),
(1371, 427, 3, 54, 3),
(1372, 427, 4, 46, 11),
(1373, 427, 5, 0, 15),
(1374, 427, 6, 0, 11),
(1375, 427, 7, 0, 14),
(1376, 427, 8, 0, 11),
(1377, 431, 1, 0, 0),
(1378, 431, 2, 0, 0),
(1379, 431, 3, 0, 0),
(1380, 431, 4, 0, 0),
(1381, 431, 5, 0, 0),
(1382, 431, 6, 0, 0),
(1383, 431, 7, 0, 0),
(1384, 431, 8, 0, 0),
(1385, 432, 1, 0, 11),
(1386, 432, 2, 0, 13),
(1387, 432, 3, 0, 3),
(1388, 432, 4, 0, 14),
(1389, 432, 5, 0, 27),
(1390, 432, 6, 0, 10),
(1391, 432, 7, 0, 12),
(1392, 432, 8, 0, 12),
(1393, 433, 1, 0, 9),
(1394, 433, 2, 0, 14),
(1395, 433, 3, 0, 5),
(1396, 433, 4, 0, 13),
(1397, 433, 5, 0, 17),
(1398, 433, 6, 0, 12),
(1399, 433, 7, 0, 11),
(1400, 433, 8, 0, 9),
(1401, 434, 1, 0, 12),
(1402, 434, 2, 0, 9),
(1403, 434, 3, 72, 3),
(1404, 434, 4, 28, 11),
(1405, 434, 5, 0, 19),
(1406, 434, 6, 0, 12),
(1407, 434, 7, 0, 9),
(1408, 434, 8, 0, 13),
(1409, 438, 1, 0, 0),
(1410, 438, 2, 0, 0),
(1411, 438, 3, 0, 0),
(1412, 438, 4, 0, 0),
(1413, 438, 5, 0, 0),
(1414, 438, 6, 0, 0),
(1415, 438, 7, 0, 0),
(1416, 438, 8, 0, 0),
(1417, 439, 1, 0, 10),
(1418, 439, 2, 0, 10),
(1419, 439, 3, 0, 6),
(1420, 439, 4, 0, 11),
(1421, 439, 5, 0, 22),
(1422, 439, 6, 0, 10),
(1423, 439, 7, 0, 10),
(1424, 439, 8, 0, 14),
(1425, 440, 1, 0, 10),
(1426, 440, 2, 0, 9),
(1427, 440, 3, 0, 4),
(1428, 440, 4, 0, 11),
(1429, 440, 5, 0, 23),
(1430, 440, 6, 0, 12),
(1431, 440, 7, 0, 9),
(1432, 440, 8, 0, 13),
(1433, 441, 1, 0, 11),
(1434, 441, 2, 0, 11),
(1435, 441, 3, 52, 7),
(1436, 441, 4, 48, 14),
(1437, 441, 5, 0, 16),
(1438, 441, 6, 0, 8),
(1439, 441, 7, 0, 9),
(1440, 441, 8, 0, 11),
(1441, 445, 1, 0, 0),
(1442, 445, 2, 0, 0),
(1443, 445, 3, 0, 0),
(1444, 445, 4, 0, 0),
(1445, 445, 5, 0, 0),
(1446, 445, 6, 0, 0),
(1447, 445, 7, 0, 0),
(1448, 445, 8, 0, 0),
(1449, 446, 1, 0, 10),
(1450, 446, 2, 0, 12),
(1451, 446, 3, 0, 5),
(1452, 446, 4, 0, 11),
(1453, 446, 5, 0, 17),
(1454, 446, 6, 0, 9),
(1455, 446, 7, 0, 11),
(1456, 446, 8, 0, 13),
(1457, 447, 1, 0, 11),
(1458, 447, 2, 0, 11),
(1459, 447, 3, 0, 5),
(1460, 447, 4, 0, 11),
(1461, 447, 5, 0, 20),
(1462, 447, 6, 0, 10),
(1463, 447, 7, 0, 11),
(1464, 447, 8, 0, 9),
(1465, 448, 1, 0, 8),
(1466, 448, 2, 0, 13),
(1467, 448, 3, 73, 5),
(1468, 448, 4, 27, 12),
(1469, 448, 5, 0, 16),
(1470, 448, 6, 0, 14),
(1471, 448, 7, 0, 12),
(1472, 448, 8, 0, 11),
(1473, 452, 1, 0, 0),
(1474, 452, 2, 0, 0),
(1475, 452, 3, 0, 0),
(1476, 452, 4, 0, 0),
(1477, 452, 5, 0, 0),
(1478, 452, 6, 0, 0),
(1479, 452, 7, 0, 0),
(1480, 452, 8, 0, 0),
(1481, 453, 1, 0, 9),
(1482, 453, 2, 0, 13),
(1483, 453, 3, 0, 3),
(1484, 453, 4, 0, 11),
(1485, 453, 5, 0, 20),
(1486, 453, 6, 0, 14),
(1487, 453, 7, 0, 11),
(1488, 453, 8, 0, 8),
(1489, 454, 1, 0, 10),
(1490, 454, 2, 0, 14),
(1491, 454, 3, 0, 7),
(1492, 454, 4, 0, 12),
(1493, 454, 5, 0, 21),
(1494, 454, 6, 0, 11),
(1495, 454, 7, 0, 14),
(1496, 454, 8, 0, 13),
(1497, 455, 1, 0, 12),
(1498, 455, 2, 0, 9),
(1499, 455, 3, 53, 5),
(1500, 455, 4, 47, 10),
(1501, 455, 5, 0, 20),
(1502, 455, 6, 0, 9),
(1503, 455, 7, 0, 10),
(1504, 455, 8, 0, 11),
(1505, 459, 1, 0, 0),
(1506, 459, 2, 0, 0),
(1507, 459, 3, 0, 0),
(1508, 459, 4, 0, 0),
(1509, 459, 5, 0, 0),
(1510, 459, 6, 0, 0),
(1511, 459, 7, 0, 0),
(1512, 459, 8, 0, 0),
(1513, 460, 1, 0, 13),
(1514, 460, 2, 0, 11),
(1515, 460, 3, 0, 3),
(1516, 460, 4, 0, 12),
(1517, 460, 5, 0, 20),
(1518, 460, 6, 0, 11),
(1519, 460, 7, 0, 13),
(1520, 460, 8, 0, 15),
(1521, 461, 1, 0, 15),
(1522, 461, 2, 0, 13),
(1523, 461, 3, 0, 5),
(1524, 461, 4, 0, 9),
(1525, 461, 5, 0, 14),
(1526, 461, 6, 0, 8),
(1527, 461, 7, 0, 13),
(1528, 461, 8, 0, 11),
(1529, 462, 1, 0, 11),
(1530, 462, 2, 0, 8),
(1531, 462, 3, 58, 5),
(1532, 462, 4, 42, 10),
(1533, 462, 5, 0, 15),
(1534, 462, 6, 0, 9),
(1535, 462, 7, 0, 12),
(1536, 462, 8, 0, 11),
(1537, 466, 1, 0, 0),
(1538, 466, 2, 0, 0),
(1539, 466, 3, 0, 0),
(1540, 466, 4, 0, 0),
(1541, 466, 5, 0, 0),
(1542, 466, 6, 0, 0),
(1543, 466, 7, 0, 0),
(1544, 466, 8, 0, 0),
(1545, 467, 1, 0, 10),
(1546, 467, 2, 0, 11),
(1547, 467, 3, 0, 5),
(1548, 467, 4, 0, 10),
(1549, 467, 5, 0, 20),
(1550, 467, 6, 0, 11),
(1551, 467, 7, 0, 11),
(1552, 467, 8, 0, 14),
(1553, 468, 1, 0, 10),
(1554, 468, 2, 0, 12),
(1555, 468, 3, 0, 5),
(1556, 468, 4, 0, 12),
(1557, 468, 5, 0, 24),
(1558, 468, 6, 0, 9),
(1559, 468, 7, 0, 12),
(1560, 468, 8, 0, 10),
(1561, 469, 1, 0, 11),
(1562, 469, 2, 0, 12),
(1563, 469, 3, 66, 5),
(1564, 469, 4, 34, 9),
(1565, 469, 5, 0, 20),
(1566, 469, 6, 0, 14),
(1567, 469, 7, 0, 9),
(1568, 469, 8, 0, 11),
(1569, 473, 1, 0, 0),
(1570, 473, 2, 0, 0),
(1571, 473, 3, 0, 0),
(1572, 473, 4, 0, 0),
(1573, 473, 5, 0, 0),
(1574, 473, 6, 0, 0),
(1575, 473, 7, 0, 0),
(1576, 473, 8, 0, 0),
(1577, 474, 1, 0, 10),
(1578, 474, 2, 0, 10),
(1579, 474, 3, 0, 6),
(1580, 474, 4, 0, 9),
(1581, 474, 5, 0, 17),
(1582, 474, 6, 0, 10),
(1583, 474, 7, 0, 10),
(1584, 474, 8, 0, 10),
(1585, 475, 1, 0, 8),
(1586, 475, 2, 0, 10),
(1587, 475, 3, 0, 3),
(1588, 475, 4, 0, 10),
(1589, 475, 5, 0, 21),
(1590, 475, 6, 0, 13),
(1591, 475, 7, 0, 13),
(1592, 475, 8, 0, 12),
(1593, 476, 1, 0, 11),
(1594, 476, 2, 0, 12),
(1595, 476, 3, 76, 4),
(1596, 476, 4, 24, 12),
(1597, 476, 5, 0, 17),
(1598, 476, 6, 0, 13),
(1599, 476, 7, 0, 12),
(1600, 476, 8, 0, 10),
(1601, 480, 1, 0, 0),
(1602, 480, 2, 0, 0),
(1603, 480, 3, 0, 0),
(1604, 480, 4, 0, 0),
(1605, 480, 5, 0, 0),
(1606, 480, 6, 0, 0),
(1607, 480, 7, 0, 0),
(1608, 480, 8, 0, 0),
(1609, 481, 1, 0, 11),
(1610, 481, 2, 0, 8),
(1611, 481, 3, 0, 4),
(1612, 481, 4, 0, 9),
(1613, 481, 5, 0, 23),
(1614, 481, 6, 0, 11),
(1615, 481, 7, 0, 9),
(1616, 481, 8, 0, 11),
(1617, 482, 1, 0, 10),
(1618, 482, 2, 0, 8),
(1619, 482, 3, 0, 4),
(1620, 482, 4, 0, 10),
(1621, 482, 5, 0, 16),
(1622, 482, 6, 0, 9),
(1623, 482, 7, 0, 10),
(1624, 482, 8, 0, 11),
(1625, 483, 1, 0, 11),
(1626, 483, 2, 0, 13),
(1627, 483, 3, 54, 4),
(1628, 483, 4, 46, 13),
(1629, 483, 5, 0, 21),
(1630, 483, 6, 0, 10),
(1631, 483, 7, 0, 10),
(1632, 483, 8, 0, 12),
(1633, 487, 1, 0, 0),
(1634, 487, 2, 0, 0),
(1635, 487, 3, 0, 0),
(1636, 487, 4, 0, 0),
(1637, 487, 5, 0, 0),
(1638, 487, 6, 0, 0),
(1639, 487, 7, 0, 0),
(1640, 487, 8, 0, 0),
(1641, 488, 1, 0, 10),
(1642, 488, 2, 0, 12),
(1643, 488, 3, 0, 5),
(1644, 488, 4, 0, 10),
(1645, 488, 5, 0, 21),
(1646, 488, 6, 0, 10),
(1647, 488, 7, 0, 8),
(1648, 488, 8, 0, 9),
(1649, 489, 1, 0, 10),
(1650, 489, 2, 0, 12),
(1651, 489, 3, 0, 4),
(1652, 489, 4, 0, 14),
(1653, 489, 5, 0, 15),
(1654, 489, 6, 0, 10),
(1655, 489, 7, 0, 11),
(1656, 489, 8, 0, 12),
(1657, 490, 1, 0, 13),
(1658, 490, 2, 0, 12),
(1659, 490, 3, 61, 2),
(1660, 490, 4, 39, 12),
(1661, 490, 5, 0, 23),
(1662, 490, 6, 0, 9),
(1663, 490, 7, 0, 8),
(1664, 490, 8, 0, 11),
(1665, 494, 1, 0, 0),
(1666, 494, 2, 0, 0),
(1667, 494, 3, 0, 0),
(1668, 494, 4, 0, 0),
(1669, 494, 5, 0, 0),
(1670, 494, 6, 0, 0),
(1671, 494, 7, 0, 0),
(1672, 494, 8, 0, 0),
(1673, 495, 1, 0, 11),
(1674, 495, 2, 0, 11),
(1675, 495, 3, 0, 3),
(1676, 495, 4, 0, 11),
(1677, 495, 5, 0, 26),
(1678, 495, 6, 0, 14),
(1679, 495, 7, 0, 11),
(1680, 495, 8, 0, 12),
(1681, 496, 1, 0, 11),
(1682, 496, 2, 0, 11),
(1683, 496, 3, 0, 4),
(1684, 496, 4, 0, 11),
(1685, 496, 5, 0, 23),
(1686, 496, 6, 0, 10),
(1687, 496, 7, 0, 10),
(1688, 496, 8, 0, 9),
(1689, 497, 1, 0, 9),
(1690, 497, 2, 0, 12),
(1691, 497, 3, 61, 5),
(1692, 497, 4, 39, 12),
(1693, 497, 5, 0, 21),
(1694, 497, 6, 0, 9),
(1695, 497, 7, 0, 13),
(1696, 497, 8, 0, 12),
(1697, 501, 1, 0, 0),
(1698, 501, 2, 0, 0),
(1699, 501, 3, 0, 0),
(1700, 501, 4, 0, 0),
(1701, 501, 5, 0, 0),
(1702, 501, 6, 0, 0),
(1703, 501, 7, 0, 0),
(1704, 501, 8, 0, 0),
(1705, 502, 1, 0, 11),
(1706, 502, 2, 0, 9),
(1707, 502, 3, 0, 2),
(1708, 502, 4, 0, 12),
(1709, 502, 5, 0, 16),
(1710, 502, 6, 0, 10),
(1711, 502, 7, 0, 11),
(1712, 502, 8, 0, 9),
(1713, 503, 1, 0, 9),
(1714, 503, 2, 0, 10),
(1715, 503, 3, 0, 5),
(1716, 503, 4, 0, 10),
(1717, 503, 5, 0, 20),
(1718, 503, 6, 0, 12),
(1719, 503, 7, 0, 9),
(1720, 503, 8, 0, 11),
(1721, 504, 1, 0, 11),
(1722, 504, 2, 0, 10),
(1723, 504, 3, 66, 3),
(1724, 504, 4, 34, 11),
(1725, 504, 5, 0, 21),
(1726, 504, 6, 0, 14),
(1727, 504, 7, 0, 11),
(1728, 504, 8, 0, 11),
(1729, 508, 1, 0, 0),
(1730, 508, 2, 0, 0),
(1731, 508, 3, 0, 0),
(1732, 508, 4, 0, 0),
(1733, 508, 5, 0, 0),
(1734, 508, 6, 0, 0),
(1735, 508, 7, 0, 0),
(1736, 508, 8, 0, 0),
(1737, 509, 1, 0, 11),
(1738, 509, 2, 0, 11),
(1739, 509, 3, 0, 3),
(1740, 509, 4, 0, 12),
(1741, 509, 5, 0, 17),
(1742, 509, 6, 0, 12),
(1743, 509, 7, 0, 13),
(1744, 509, 8, 0, 9),
(1745, 510, 1, 0, 11),
(1746, 510, 2, 0, 13),
(1747, 510, 3, 0, 4),
(1748, 510, 4, 0, 11),
(1749, 510, 5, 0, 19),
(1750, 510, 6, 0, 11),
(1751, 510, 7, 0, 11),
(1752, 510, 8, 0, 12),
(1753, 511, 1, 0, 9),
(1754, 511, 2, 0, 11),
(1755, 511, 3, 50, 3),
(1756, 511, 4, 50, 9),
(1757, 511, 5, 0, 18),
(1758, 511, 6, 0, 12),
(1759, 511, 7, 0, 10),
(1760, 511, 8, 0, 11),
(1761, 515, 1, 0, 0),
(1762, 515, 2, 0, 0),
(1763, 515, 3, 0, 0),
(1764, 515, 4, 0, 0),
(1765, 515, 5, 0, 0),
(1766, 515, 6, 0, 0),
(1767, 515, 7, 0, 0),
(1768, 515, 8, 0, 0),
(1769, 516, 1, 0, 10),
(1770, 516, 2, 0, 15),
(1771, 516, 3, 0, 3),
(1772, 516, 4, 0, 12),
(1773, 516, 5, 0, 17),
(1774, 516, 6, 0, 10),
(1775, 516, 7, 0, 9),
(1776, 516, 8, 0, 12),
(1777, 517, 1, 0, 12),
(1778, 517, 2, 0, 13),
(1779, 517, 3, 0, 4),
(1780, 517, 4, 0, 11),
(1781, 517, 5, 0, 17),
(1782, 517, 6, 0, 11),
(1783, 517, 7, 0, 13),
(1784, 517, 8, 0, 11),
(1785, 518, 1, 0, 13),
(1786, 518, 2, 0, 10),
(1787, 518, 3, 65, 5),
(1788, 518, 4, 35, 10),
(1789, 518, 5, 0, 20),
(1790, 518, 6, 0, 11),
(1791, 518, 7, 0, 14),
(1792, 518, 8, 0, 14),
(1793, 522, 1, 0, 0),
(1794, 522, 2, 0, 0),
(1795, 522, 3, 0, 0),
(1796, 522, 4, 0, 0),
(1797, 522, 5, 0, 0),
(1798, 522, 6, 0, 0),
(1799, 522, 7, 0, 0),
(1800, 522, 8, 0, 0),
(1801, 523, 1, 0, 9),
(1802, 523, 2, 0, 10),
(1803, 523, 3, 0, 5),
(1804, 523, 4, 0, 14),
(1805, 523, 5, 0, 24),
(1806, 523, 6, 0, 9),
(1807, 523, 7, 0, 11),
(1808, 523, 8, 0, 12),
(1809, 524, 1, 0, 12),
(1810, 524, 2, 0, 10),
(1811, 524, 3, 0, 4),
(1812, 524, 4, 0, 14),
(1813, 524, 5, 0, 19),
(1814, 524, 6, 0, 13),
(1815, 524, 7, 0, 12),
(1816, 524, 8, 0, 12),
(1817, 525, 1, 0, 10),
(1818, 525, 2, 0, 9),
(1819, 525, 3, 0, 4),
(1820, 525, 4, 0, 10),
(1821, 525, 5, 0, 16),
(1822, 525, 6, 0, 11),
(1823, 525, 7, 0, 9),
(1824, 525, 8, 0, 9),
(1825, 529, 1, 0, 0),
(1826, 529, 2, 0, 0),
(1827, 529, 3, 0, 0),
(1828, 529, 4, 0, 0),
(1829, 529, 5, 0, 0),
(1830, 529, 6, 0, 0),
(1831, 529, 7, 0, 0),
(1832, 529, 8, 0, 0),
(1833, 530, 1, 0, 10),
(1834, 530, 2, 0, 11),
(1835, 530, 3, 0, 3),
(1836, 530, 4, 0, 12),
(1837, 530, 5, 0, 16),
(1838, 530, 6, 0, 11),
(1839, 530, 7, 0, 13),
(1840, 530, 8, 0, 13),
(1841, 531, 1, 0, 11),
(1842, 531, 2, 0, 9),
(1843, 531, 3, 0, 3),
(1844, 531, 4, 0, 10),
(1845, 531, 5, 0, 16),
(1846, 531, 6, 0, 9),
(1847, 531, 7, 0, 9),
(1848, 531, 8, 0, 10),
(1849, 532, 1, 0, 11),
(1850, 532, 2, 0, 11),
(1851, 532, 3, 71, 6),
(1852, 532, 4, 29, 10),
(1853, 532, 5, 0, 20),
(1854, 532, 6, 0, 12),
(1855, 532, 7, 0, 12),
(1856, 532, 8, 0, 14),
(1857, 536, 1, 0, 0),
(1858, 536, 2, 0, 0),
(1859, 536, 3, 0, 0),
(1860, 536, 4, 0, 0),
(1861, 536, 5, 0, 0),
(1862, 536, 6, 0, 0),
(1863, 536, 7, 0, 0),
(1864, 536, 8, 0, 0),
(1865, 537, 1, 0, 9),
(1866, 537, 2, 0, 12),
(1867, 537, 3, 0, 5),
(1868, 537, 4, 0, 12),
(1869, 537, 5, 0, 25),
(1870, 537, 6, 0, 11),
(1871, 537, 7, 0, 15),
(1872, 537, 8, 0, 12),
(1873, 538, 1, 0, 14),
(1874, 538, 2, 0, 12),
(1875, 538, 3, 0, 4),
(1876, 538, 4, 0, 15),
(1877, 538, 5, 0, 20),
(1878, 538, 6, 0, 11),
(1879, 538, 7, 0, 11),
(1880, 538, 8, 0, 10),
(1881, 539, 1, 0, 10),
(1882, 539, 2, 0, 9),
(1883, 539, 3, 0, 6),
(1884, 539, 4, 0, 13),
(1885, 539, 5, 0, 18),
(1886, 539, 6, 0, 11),
(1887, 539, 7, 0, 9),
(1888, 539, 8, 0, 12),
(1889, 543, 1, 0, 0),
(1890, 543, 2, 0, 0),
(1891, 543, 3, 0, 0),
(1892, 543, 4, 0, 0),
(1893, 543, 5, 0, 0),
(1894, 543, 6, 0, 0),
(1895, 543, 7, 0, 0),
(1896, 543, 8, 0, 0),
(1897, 544, 1, 0, 10),
(1898, 544, 2, 0, 11),
(1899, 544, 3, 0, 5),
(1900, 544, 4, 0, 9),
(1901, 544, 5, 0, 16),
(1902, 544, 6, 0, 8),
(1903, 544, 7, 0, 9),
(1904, 544, 8, 0, 11),
(1905, 545, 1, 0, 12),
(1906, 545, 2, 0, 8),
(1907, 545, 3, 0, 3),
(1908, 545, 4, 0, 10),
(1909, 545, 5, 0, 15),
(1910, 545, 6, 0, 10),
(1911, 545, 7, 0, 9),
(1912, 545, 8, 0, 9),
(1913, 546, 1, 0, 11),
(1914, 546, 2, 0, 11),
(1915, 546, 3, 57, 4),
(1916, 546, 4, 43, 8),
(1917, 546, 5, 0, 20),
(1918, 546, 6, 0, 12),
(1919, 546, 7, 0, 12),
(1920, 546, 8, 0, 12),
(1921, 550, 1, 0, 0),
(1922, 550, 2, 0, 0),
(1923, 550, 3, 0, 0),
(1924, 550, 4, 0, 0),
(1925, 550, 5, 0, 0),
(1926, 550, 6, 0, 0),
(1927, 550, 7, 0, 0),
(1928, 550, 8, 0, 0),
(1929, 551, 1, 0, 10),
(1930, 551, 2, 0, 13),
(1931, 551, 3, 0, 4),
(1932, 551, 4, 0, 9),
(1933, 551, 5, 0, 20),
(1934, 551, 6, 0, 11),
(1935, 551, 7, 0, 12),
(1936, 551, 8, 0, 11),
(1937, 552, 1, 0, 9),
(1938, 552, 2, 0, 11),
(1939, 552, 3, 0, 3),
(1940, 552, 4, 0, 8),
(1941, 552, 5, 0, 15),
(1942, 552, 6, 0, 10),
(1943, 552, 7, 0, 9),
(1944, 552, 8, 0, 11),
(1945, 553, 1, 0, 12),
(1946, 553, 2, 0, 11),
(1947, 553, 3, 70, 4),
(1948, 553, 4, 30, 10),
(1949, 553, 5, 0, 23),
(1950, 553, 6, 0, 9),
(1951, 553, 7, 0, 8),
(1952, 553, 8, 0, 10),
(1953, 557, 1, 0, 0),
(1954, 557, 2, 0, 0),
(1955, 557, 3, 0, 0),
(1956, 557, 4, 0, 0),
(1957, 557, 5, 0, 0),
(1958, 557, 6, 0, 0),
(1959, 557, 7, 0, 0),
(1960, 557, 8, 0, 0),
(1961, 558, 1, 0, 8),
(1962, 558, 2, 0, 14),
(1963, 558, 3, 0, 3),
(1964, 558, 4, 0, 11),
(1965, 558, 5, 0, 24),
(1966, 558, 6, 0, 9),
(1967, 558, 7, 0, 12),
(1968, 558, 8, 0, 9),
(1969, 559, 1, 0, 12),
(1970, 559, 2, 0, 9),
(1971, 559, 3, 0, 3),
(1972, 559, 4, 0, 13),
(1973, 559, 5, 0, 16),
(1974, 559, 6, 0, 10),
(1975, 559, 7, 0, 10),
(1976, 559, 8, 0, 11),
(1977, 560, 1, 0, 12),
(1978, 560, 2, 0, 10),
(1979, 560, 3, 68, 4),
(1980, 560, 4, 32, 12),
(1981, 560, 5, 0, 25),
(1982, 560, 6, 0, 11),
(1983, 560, 7, 0, 10),
(1984, 560, 8, 0, 10),
(1985, 564, 1, 0, 0),
(1986, 564, 2, 0, 0),
(1987, 564, 3, 0, 0),
(1988, 564, 4, 0, 0),
(1989, 564, 5, 0, 0),
(1990, 564, 6, 0, 0),
(1991, 564, 7, 0, 0),
(1992, 564, 8, 0, 0),
(1993, 565, 1, 0, 12),
(1994, 565, 2, 0, 9),
(1995, 565, 3, 0, 5),
(1996, 565, 4, 0, 10),
(1997, 565, 5, 0, 15),
(1998, 565, 6, 0, 14),
(1999, 565, 7, 0, 12),
(2000, 565, 8, 0, 9),
(2001, 566, 1, 0, 10),
(2002, 566, 2, 0, 14),
(2003, 566, 3, 0, 2),
(2004, 566, 4, 0, 10),
(2005, 566, 5, 0, 14),
(2006, 566, 6, 0, 12),
(2007, 566, 7, 0, 10),
(2008, 566, 8, 0, 10),
(2009, 567, 1, 0, 13),
(2010, 567, 2, 0, 9),
(2011, 567, 3, 23, 3),
(2012, 567, 4, 7, 13),
(2013, 567, 5, 0, 23),
(2014, 567, 6, 0, 8),
(2015, 567, 7, 0, 14),
(2016, 567, 8, 0, 8),
(2017, 571, 1, 0, 0),
(2018, 571, 2, 0, 0),
(2019, 571, 3, 0, 0),
(2020, 571, 4, 0, 0),
(2021, 571, 5, 0, 0),
(2022, 571, 6, 0, 0),
(2023, 571, 7, 0, 0),
(2024, 571, 8, 0, 0),
(2025, 572, 1, 0, 12),
(2026, 572, 2, 0, 12),
(2027, 572, 3, 0, 5),
(2028, 572, 4, 0, 9),
(2029, 572, 5, 0, 21),
(2030, 572, 6, 0, 11),
(2031, 572, 7, 0, 10),
(2032, 572, 8, 0, 9),
(2033, 573, 1, 0, 9),
(2034, 573, 2, 0, 10),
(2035, 573, 3, 0, 5),
(2036, 573, 4, 0, 8),
(2037, 573, 5, 0, 19),
(2038, 573, 6, 0, 11),
(2039, 573, 7, 0, 8),
(2040, 573, 8, 0, 11),
(2041, 574, 1, 0, 9),
(2042, 574, 2, 0, 8),
(2043, 574, 3, 23, 4),
(2044, 574, 4, 7, 9),
(2045, 574, 5, 0, 22),
(2046, 574, 6, 0, 14),
(2047, 574, 7, 0, 14),
(2048, 574, 8, 0, 12),
(2049, 578, 1, 0, 0),
(2050, 578, 2, 0, 0),
(2051, 578, 3, 0, 0),
(2052, 578, 4, 0, 0),
(2053, 578, 5, 0, 0),
(2054, 578, 6, 0, 0),
(2055, 578, 7, 0, 0),
(2056, 578, 8, 0, 0),
(2057, 579, 1, 0, 12),
(2058, 579, 2, 0, 11),
(2059, 579, 3, 0, 5),
(2060, 579, 4, 0, 12),
(2061, 579, 5, 0, 24),
(2062, 579, 6, 0, 11),
(2063, 579, 7, 0, 11),
(2064, 579, 8, 0, 9),
(2065, 580, 1, 0, 10),
(2066, 580, 2, 0, 9),
(2067, 580, 3, 0, 6),
(2068, 580, 4, 0, 12),
(2069, 580, 5, 0, 14),
(2070, 580, 6, 0, 8),
(2071, 580, 7, 0, 10),
(2072, 580, 8, 0, 10),
(2073, 581, 1, 0, 10),
(2074, 581, 2, 0, 13),
(2075, 581, 3, 23, 4),
(2076, 581, 4, 7, 12),
(2077, 581, 5, 0, 15),
(2078, 581, 6, 0, 10),
(2079, 581, 7, 0, 9),
(2080, 581, 8, 0, 9),
(2081, 585, 1, 0, 0),
(2082, 585, 2, 0, 0),
(2083, 585, 3, 0, 0),
(2084, 585, 4, 0, 0),
(2085, 585, 5, 0, 0),
(2086, 585, 6, 0, 0),
(2087, 585, 7, 0, 0),
(2088, 585, 8, 0, 0),
(2089, 586, 1, 0, 12),
(2090, 586, 2, 0, 11),
(2091, 586, 3, 0, 5),
(2092, 586, 4, 0, 13),
(2093, 586, 5, 0, 17),
(2094, 586, 6, 0, 10),
(2095, 586, 7, 0, 9),
(2096, 586, 8, 0, 11),
(2097, 587, 1, 0, 12),
(2098, 587, 2, 0, 11),
(2099, 587, 3, 0, 6),
(2100, 587, 4, 0, 9),
(2101, 587, 5, 0, 25),
(2102, 587, 6, 0, 12),
(2103, 587, 7, 0, 10),
(2104, 587, 8, 0, 9),
(2105, 588, 1, 0, 12),
(2106, 588, 2, 0, 12),
(2107, 588, 3, 24, 3),
(2108, 588, 4, 6, 10),
(2109, 588, 5, 0, 19),
(2110, 588, 6, 0, 13),
(2111, 588, 7, 0, 8),
(2112, 588, 8, 0, 12),
(2113, 592, 1, 0, 0),
(2114, 592, 2, 0, 0),
(2115, 592, 3, 0, 0),
(2116, 592, 4, 0, 0),
(2117, 592, 5, 0, 0),
(2118, 592, 6, 0, 0),
(2119, 592, 7, 0, 0),
(2120, 592, 8, 0, 0),
(2121, 593, 1, 0, 10),
(2122, 593, 2, 0, 10),
(2123, 593, 3, 0, 4),
(2124, 593, 4, 0, 13),
(2125, 593, 5, 0, 19),
(2126, 593, 6, 0, 12),
(2127, 593, 7, 0, 13),
(2128, 593, 8, 0, 9),
(2129, 594, 1, 0, 10),
(2130, 594, 2, 0, 9),
(2131, 594, 3, 0, 5),
(2132, 594, 4, 0, 11),
(2133, 594, 5, 0, 17),
(2134, 594, 6, 0, 11),
(2135, 594, 7, 0, 10),
(2136, 594, 8, 0, 14),
(2137, 595, 1, 0, 8),
(2138, 595, 2, 0, 13),
(2139, 595, 3, 19, 3),
(2140, 595, 4, 11, 14),
(2141, 595, 5, 0, 21),
(2142, 595, 6, 0, 10),
(2143, 595, 7, 0, 11),
(2144, 595, 8, 0, 13),
(2145, 599, 1, 0, 0),
(2146, 599, 2, 0, 0),
(2147, 599, 3, 0, 0),
(2148, 599, 4, 0, 0),
(2149, 599, 5, 0, 0),
(2150, 599, 6, 0, 0),
(2151, 599, 7, 0, 0),
(2152, 599, 8, 0, 0),
(2153, 600, 1, 0, 9),
(2154, 600, 2, 0, 12),
(2155, 600, 3, 0, 6),
(2156, 600, 4, 0, 11),
(2157, 600, 5, 0, 20),
(2158, 600, 6, 0, 11),
(2159, 600, 7, 0, 9),
(2160, 600, 8, 0, 11),
(2161, 601, 1, 0, 10),
(2162, 601, 2, 0, 10),
(2163, 601, 3, 0, 6),
(2164, 601, 4, 0, 13),
(2165, 601, 5, 0, 15),
(2166, 601, 6, 0, 11),
(2167, 601, 7, 0, 11),
(2168, 601, 8, 0, 12),
(2169, 602, 1, 0, 11),
(2170, 602, 2, 0, 11),
(2171, 602, 3, 18, 5),
(2172, 602, 4, 12, 13),
(2173, 602, 5, 0, 15),
(2174, 602, 6, 0, 11),
(2175, 602, 7, 0, 11),
(2176, 602, 8, 0, 10),
(2177, 606, 1, 0, 0),
(2178, 606, 2, 0, 0),
(2179, 606, 3, 0, 0),
(2180, 606, 4, 0, 0),
(2181, 606, 5, 0, 0),
(2182, 606, 6, 0, 0),
(2183, 606, 7, 0, 0),
(2184, 606, 8, 0, 0),
(2185, 607, 1, 0, 10),
(2186, 607, 2, 0, 12),
(2187, 607, 3, 0, 4),
(2188, 607, 4, 0, 11),
(2189, 607, 5, 0, 28),
(2190, 607, 6, 0, 13),
(2191, 607, 7, 0, 9),
(2192, 607, 8, 0, 10),
(2193, 608, 1, 0, 11),
(2194, 608, 2, 0, 12),
(2195, 608, 3, 0, 3),
(2196, 608, 4, 0, 10),
(2197, 608, 5, 0, 17),
(2198, 608, 6, 0, 10),
(2199, 608, 7, 0, 9),
(2200, 608, 8, 0, 13),
(2201, 609, 1, 0, 9),
(2202, 609, 2, 0, 12),
(2203, 609, 3, 15, 5),
(2204, 609, 4, 15, 12),
(2205, 609, 5, 0, 15),
(2206, 609, 6, 0, 12),
(2207, 609, 7, 0, 11),
(2208, 609, 8, 0, 10),
(2209, 613, 1, 0, 0),
(2210, 613, 2, 0, 0),
(2211, 613, 3, 0, 0),
(2212, 613, 4, 0, 0),
(2213, 613, 5, 0, 0),
(2214, 613, 6, 0, 0),
(2215, 613, 7, 0, 0),
(2216, 613, 8, 0, 0),
(2217, 614, 1, 0, 9),
(2218, 614, 2, 0, 8),
(2219, 614, 3, 0, 4),
(2220, 614, 4, 0, 10),
(2221, 614, 5, 0, 17),
(2222, 614, 6, 0, 11),
(2223, 614, 7, 0, 10),
(2224, 614, 8, 0, 12),
(2225, 615, 1, 0, 12),
(2226, 615, 2, 0, 11),
(2227, 615, 3, 0, 2),
(2228, 615, 4, 0, 12),
(2229, 615, 5, 0, 23),
(2230, 615, 6, 0, 8),
(2231, 615, 7, 0, 8),
(2232, 615, 8, 0, 10),
(2233, 616, 1, 0, 12),
(2234, 616, 2, 0, 10),
(2235, 616, 3, 18, 3),
(2236, 616, 4, 12, 9),
(2237, 616, 5, 0, 22),
(2238, 616, 6, 0, 14),
(2239, 616, 7, 0, 8),
(2240, 616, 8, 0, 12),
(2241, 620, 1, 0, 0),
(2242, 620, 2, 0, 0),
(2243, 620, 3, 0, 0),
(2244, 620, 4, 0, 0),
(2245, 620, 5, 0, 0),
(2246, 620, 6, 0, 0),
(2247, 620, 7, 0, 0),
(2248, 620, 8, 0, 0),
(2249, 621, 1, 0, 11),
(2250, 621, 2, 0, 11),
(2251, 621, 3, 0, 4),
(2252, 621, 4, 0, 12),
(2253, 621, 5, 0, 21),
(2254, 621, 6, 0, 10),
(2255, 621, 7, 0, 10),
(2256, 621, 8, 0, 14),
(2257, 622, 1, 0, 11),
(2258, 622, 2, 0, 13),
(2259, 622, 3, 0, 4),
(2260, 622, 4, 0, 10),
(2261, 622, 5, 0, 17),
(2262, 622, 6, 0, 10),
(2263, 622, 7, 0, 12),
(2264, 622, 8, 0, 8),
(2265, 623, 1, 0, 10),
(2266, 623, 2, 0, 9),
(2267, 623, 3, 23, 5),
(2268, 623, 4, 7, 11),
(2269, 623, 5, 0, 19),
(2270, 623, 6, 0, 12),
(2271, 623, 7, 0, 12),
(2272, 623, 8, 0, 13),
(2273, 627, 1, 0, 0),
(2274, 627, 2, 0, 0),
(2275, 627, 3, 0, 0),
(2276, 627, 4, 0, 0),
(2277, 627, 5, 0, 0),
(2278, 627, 6, 0, 0),
(2279, 627, 7, 0, 0),
(2280, 627, 8, 0, 0),
(2281, 628, 1, 0, 8),
(2282, 628, 2, 0, 12),
(2283, 628, 3, 0, 6),
(2284, 628, 4, 0, 9),
(2285, 628, 5, 0, 22),
(2286, 628, 6, 0, 13),
(2287, 628, 7, 0, 11),
(2288, 628, 8, 0, 11),
(2289, 629, 1, 0, 9),
(2290, 629, 2, 0, 10),
(2291, 629, 3, 0, 5),
(2292, 629, 4, 0, 8),
(2293, 629, 5, 0, 17),
(2294, 629, 6, 0, 12),
(2295, 629, 7, 0, 11),
(2296, 629, 8, 0, 15),
(2297, 630, 1, 0, 12),
(2298, 630, 2, 0, 11),
(2299, 630, 3, 18, 5),
(2300, 630, 4, 12, 11),
(2301, 630, 5, 0, 16),
(2302, 630, 6, 0, 9),
(2303, 630, 7, 0, 12),
(2304, 630, 8, 0, 14),
(2305, 634, 1, 0, 0),
(2306, 634, 2, 0, 0),
(2307, 634, 3, 0, 0),
(2308, 634, 4, 0, 0),
(2309, 634, 5, 0, 0),
(2310, 634, 6, 0, 0),
(2311, 634, 7, 0, 0),
(2312, 634, 8, 0, 0),
(2313, 635, 1, 0, 9),
(2314, 635, 2, 0, 9),
(2315, 635, 3, 0, 2),
(2316, 635, 4, 0, 13),
(2317, 635, 5, 0, 21),
(2318, 635, 6, 0, 9),
(2319, 635, 7, 0, 8),
(2320, 635, 8, 0, 13),
(2321, 636, 1, 0, 11),
(2322, 636, 2, 0, 12),
(2323, 636, 3, 0, 4),
(2324, 636, 4, 0, 9),
(2325, 636, 5, 0, 18),
(2326, 636, 6, 0, 13),
(2327, 636, 7, 0, 13),
(2328, 636, 8, 0, 10),
(2329, 637, 1, 0, 9),
(2330, 637, 2, 0, 9),
(2331, 637, 3, 17, 2),
(2332, 637, 4, 13, 11),
(2333, 637, 5, 0, 16),
(2334, 637, 6, 0, 10),
(2335, 637, 7, 0, 9),
(2336, 637, 8, 0, 9),
(2337, 641, 1, 0, 0),
(2338, 641, 2, 0, 0),
(2339, 641, 3, 0, 0),
(2340, 641, 4, 0, 0),
(2341, 641, 5, 0, 0),
(2342, 641, 6, 0, 0),
(2343, 641, 7, 0, 0),
(2344, 641, 8, 0, 0),
(2345, 642, 1, 0, 12),
(2346, 642, 2, 0, 11),
(2347, 642, 3, 0, 5),
(2348, 642, 4, 0, 11),
(2349, 642, 5, 0, 20),
(2350, 642, 6, 0, 12),
(2351, 642, 7, 0, 10),
(2352, 642, 8, 0, 10),
(2353, 643, 1, 0, 13),
(2354, 643, 2, 0, 8),
(2355, 643, 3, 0, 4),
(2356, 643, 4, 0, 9),
(2357, 643, 5, 0, 21),
(2358, 643, 6, 0, 14),
(2359, 643, 7, 0, 13),
(2360, 643, 8, 0, 11),
(2361, 644, 1, 0, 9),
(2362, 644, 2, 0, 12),
(2363, 644, 3, 18, 3),
(2364, 644, 4, 12, 8),
(2365, 644, 5, 0, 18),
(2366, 644, 6, 0, 12),
(2367, 644, 7, 0, 10),
(2368, 644, 8, 0, 12);

-- --------------------------------------------------------

--
-- Table structure for table `parameters`
--

CREATE TABLE `parameters` (
  `id` bigint(20) UNSIGNED NOT NULL,
  `name` varchar(128) DEFAULT NULL,
  `value` int(11) DEFAULT NULL,
  `type` varchar(255) DEFAULT NULL
) ENGINE=InnoDB DEFAULT CHARSET=utf8;

--
-- Dumping data for table `parameters`
--

INSERT INTO `parameters` (`id`, `name`, `value`, `type`) VALUES
(1, 'pop_1_max_inventory', 30, 'max_inventory'),
(2, 'pop_2_max_inventory', 75, 'max_inventory'),
(3, 'pop_3_max_inventory', 100, 'max_inventory'),
(4, 'type_match_min_factor', 25, 'type_factor'),
(5, 'type_match_max_factor', 50, 'type_factor'),
(6, 'type_mismatch_min_factor', 150, 'type_factor'),
(7, 'type_mismatch_max_factor', 200, 'type_factor'),
(8, 'pop_1_min_factor', 50, 'pop_factor'),
(9, 'pop_1_max_factor', 75, 'pop_factor'),
(10, 'pop_2_min_factor', 100, 'pop_factor'),
(11, 'pop_2_max_factor', 100, 'pop_factor'),
(12, 'pop_3_min_factor', 150, 'pop_factor'),
(13, 'pop_3_max_factor', 200, 'pop_factor'),
(14, 'specialty_min_factor', 25, 'specialty_factor'),
(15, 'specialty_max_factor', 50, 'specialty_factor'),
(16, 'controlled_min_factor', 150, 'controlled_factor'),
(17, 'controlled_max_factor', 200, 'controlled_factor');

-- --------------------------------------------------------

--
-- Table structure for table `planets`
--

CREATE TABLE `planets` (
  `id` bigint(20) UNSIGNED NOT NULL,
  `type` int(11) DEFAULT NULL,
  `population` int(11) DEFAULT NULL,
  `location_x` int(11) DEFAULT NULL,
  `location_y` int(11) DEFAULT NULL,
  `specialty` int(11) DEFAULT NULL,
  `controlled` int(11) DEFAULT NULL,
  `regular` int(11) DEFAULT NULL
) ENGINE=InnoDB DEFAULT CHARSET=utf8;

-- --------------------------------------------------------

--
-- Table structure for table `ship`
--

CREATE TABLE `ship` (
  `id` bigint(20) UNSIGNED NOT NULL,
  `name` varchar(128) DEFAULT NULL,
  `cargo_capacity` int(11) DEFAULT NULL,
  `fuel_capacity` int(11) DEFAULT NULL,
  `credits` int(11) DEFAULT NULL,
  `location_x` int(11) DEFAULT NULL,
  `location_y` int(11) DEFAULT NULL
) ENGINE=InnoDB DEFAULT CHARSET=utf8;

-- --------------------------------------------------------

--
-- Table structure for table `tradegoods`
--

CREATE TABLE `tradegoods` (
  `id` bigint(20) UNSIGNED NOT NULL,
  `name` varchar(128) DEFAULT NULL,
  `price` int(11) DEFAULT NULL,
  `buy_at` int(11) DEFAULT NULL,
  `sell_at` int(11) DEFAULT NULL
) ENGINE=InnoDB DEFAULT CHARSET=utf8;

--
-- Dumping data for table `tradegoods`
--

INSERT INTO `tradegoods` (`id`, `name`, `price`, `buy_at`, `sell_at`) VALUES
(1, 'Ore', 10, 1, 2),
(2, 'Grain', 10, 1, 2),
(3, 'Livestock', 10, 1, 2),
(4, 'Consumables', 10, 1, 2),
(5, 'Consumer Goods', 10, 2, 1),
(6, 'Heavy Machinery', 10, 2, 1),
(7, 'Military Hardware', 10, 2, 1),
(8, 'Robots', 10, 2, 1);

--
-- Indexes for dumped tables
--

--
-- Indexes for table `cargo`
--
ALTER TABLE `cargo`
  ADD PRIMARY KEY (`id`),
  ADD UNIQUE KEY `id` (`id`);

--
-- Indexes for table `inventory`
--
ALTER TABLE `inventory`
  ADD PRIMARY KEY (`id`),
  ADD UNIQUE KEY `id` (`id`);

--
-- Indexes for table `parameters`
--
ALTER TABLE `parameters`
  ADD PRIMARY KEY (`id`),
  ADD UNIQUE KEY `id` (`id`);

--
-- Indexes for table `planets`
--
ALTER TABLE `planets`
  ADD PRIMARY KEY (`id`),
  ADD UNIQUE KEY `id` (`id`);

--
-- Indexes for table `ship`
--
ALTER TABLE `ship`
  ADD PRIMARY KEY (`id`),
  ADD UNIQUE KEY `id` (`id`);

--
-- Indexes for table `tradegoods`
--
ALTER TABLE `tradegoods`
  ADD PRIMARY KEY (`id`),
  ADD UNIQUE KEY `id` (`id`);

--
-- AUTO_INCREMENT for dumped tables
--

--
-- AUTO_INCREMENT for table `cargo`
--
ALTER TABLE `cargo`
  MODIFY `id` bigint(20) UNSIGNED NOT NULL AUTO_INCREMENT;
--
-- AUTO_INCREMENT for table `inventory`
--
ALTER TABLE `inventory`
  MODIFY `id` bigint(20) UNSIGNED NOT NULL AUTO_INCREMENT, AUTO_INCREMENT=2369;
--
-- AUTO_INCREMENT for table `parameters`
--
ALTER TABLE `parameters`
  MODIFY `id` bigint(20) UNSIGNED NOT NULL AUTO_INCREMENT, AUTO_INCREMENT=18;
--
-- AUTO_INCREMENT for table `planets`
--
ALTER TABLE `planets`
  MODIFY `id` bigint(20) UNSIGNED NOT NULL AUTO_INCREMENT;
--
-- AUTO_INCREMENT for table `ship`
--
ALTER TABLE `ship`
  MODIFY `id` bigint(20) UNSIGNED NOT NULL AUTO_INCREMENT;
--
-- AUTO_INCREMENT for table `tradegoods`
--
ALTER TABLE `tradegoods`
  MODIFY `id` bigint(20) UNSIGNED NOT NULL AUTO_INCREMENT, AUTO_INCREMENT=9;
/*!40101 SET CHARACTER_SET_CLIENT=@OLD_CHARACTER_SET_CLIENT */;
/*!40101 SET CHARACTER_SET_RESULTS=@OLD_CHARACTER_SET_RESULTS */;
/*!40101 SET COLLATION_CONNECTION=@OLD_COLLATION_CONNECTION */;
